,0
0,The person who knows the value of transitory possessions. Materialistic world makes people greedy.
1,‡§µ‡§æ ‡§Ö‡§§‡§ø ‡§Ü‡§®‡§®‡•ç‡§¶ ‡§≤‡§æ‡§ó‡•ç‡§®‡•á ‡§ï‡•Å‡§∞‡§æ
2,"‡§ï‡§§‡§ø ‡§∞‡§æ‡§Æ‡•ç‡§∞‡•ã ‡§∏‡§ï‡§æ‡§∞‡§æ‡§§‡•ç‡§Æ‡§ï ‡§ï‡•Å‡§∞‡§æ ‡§π‡§∞‡•Å ‡§ó‡§∞‡•ç‡§®‡•Å ‡§π‡•Å‡§®‡•ç‡§õ ‡§∏‡•ç‡§µ‡§æ‡§Æ‡•Ä ‡§ú‡§ø ‡§≤‡•á, ‡§ï‡§§‡§ø ‡§Æ‡§π‡§æ‡§® ‡§ï‡•Å‡§∞‡§æ ‡§π‡§∞‡•Å ‡§õ ‡§ï‡§§‡§ø ‡§ß‡•á‡§∞‡•à ‡§Ü‡§á‡§°‡§ø‡§Ø‡§æ ‡§õ  ‡§â‡§π‡§æ‡§Å ‡§∏‡§ô ‡§∏‡§æ‡§ö‡•ç‡§ö‡•à ‡§â‡§π‡§æ‡§≤‡•á ‡§≠‡§®‡•ç‡§®‡•Å ‡§≠‡§è‡§ï‡•ã ‡§ï‡•Å‡§∞‡§æ ‡§ó‡§Æ‡•ç‡§≠‡•Ä‡§∞ ‡§Æ‡§®‡§® ‡§ó‡§∞‡•á‡§∞ ‡§Ö‡§ò‡§ø ‡§¨‡§°‡•ç‡§®‡•á  ‡§π‡•ã ‡§≠‡§®‡•á ‡§ï‡•ã‡§π‡§ø ‡§™‡§®‡§ø ‡§¶‡•Å‡§ñ‡•Ä ‡§π‡•Å‡§¶‡•à‡§® ,‡§ï‡•ã‡§π‡§ø ‡§™‡§®‡§ø ‡§ó‡§∞‡§ø‡§¨ ‡§π‡•Å‡§¶‡•à‡§® ‡•§"
3,"Sadhai rajnitiko kura sunera dikka aja swamijyuko kura sunera ananda ayo,, ma pani regular vipasyana or gumbama dhyan garne ho Osho Ashrama hoina but hindu buddhist sabaiko mutual understanding hunparxa sabaile sabaiko respect garnuparxa"
4,Good interviews
5,Malai derai ramro lagyo swami jeu lai kaha kasari betna sakinx hola plz bataidunu hola
6,wow nice
7,‡§Ø‡§¶‡§ø ‡§∏‡§Æ‡§æ‡§ß‡§ø ‡§™‡•ç‡§∞‡§æ‡§™‡•ç‡§§ ‡§≠‡§è‡§™‡§õ‡§ø ‡§∏‡§¨‡•à ‡§≤‡§æ‡§á ‡§π‡•á‡§∞‡•ç‡§®‡•á ‡§¶‡•É‡§∏‡•ç‡§ü‡•Ä ‡§∏‡§Æ‡§æ‡§® ‡§π‡•Å‡§®‡§õ‡§® ‡§≠‡§®‡•ç‡§®‡•Å ‡§π‡•Å‡§®‡•ç‡§õ ‡§§‡•ç‡§Ø‡•ã ‡§Ö‡§µ‡§∏‡•ç‡§•‡§æ‡§Æ‡§æ ‡§ó‡•Å‡§∞‡•Å ‡§∞ ‡§ö‡•á‡§≤‡§æ ‡§ï‡•ã ‡§™‡§®‡§ø ‡§ï‡•Å‡§®‡•à ‡§¶‡•Å‡§∞‡•Ä ‡§π‡•Å‡§®‡•ç‡§õ ‡§∞ ?
8,Yo ni khate ra6 bikhari
9,"Let's do it..
Swami ji ko Yog Ra meditation export garney Kura gajab cha.."
10,"in reference to this informant, Nepal gvmt must indict so called swami Anand Arun  without any delay and  throw him in the prison for life like India did against Ram Pal . Ram Rahim and Asharam Bapu. Time has come .

""duniyaan ka chhori buhaari haru lai galat batoma po lagaairaheko rahe chha ta yinle, k k po sunnu parchha? nari ko ijjwat siyoko tuppama hunchha. tyatro khelbaad vairaheko rahechha.""
 
Rabi Lamichhane, Rishi Dhamal , Nepal Police, Mahilaa Aaayog, aam nagarik etl tu action garnu paryo."
11,100% sahi  ho.
12,https://youtu.be/Pysg9CPf_Vk
13,NTV le yesto fataha laai interview liyera galat kaam gareko ??
14,https://www.youtube.com/watch?v=Pysg9CPf_Vk
15,Rara is more beautiful than Manasarobar. Thank you Swami Jee for your finding.
16,Tapowan namak bina vat bill wala resort ko malik jo darsan ko kura garera afno yon lagayat sampurna trisna metne garxa
17,"‡§ö‡•ã‡§∞ ,‡§°‡§æ‡§ï‡§æ,‡§´‡§ü‡§æ‡§π‡§æ."
18,‡§§‡§™‡•ã‡§¨‡§®‡§Æ‡§æ ‡§≠‡•á‡§ü‡§ø‡§®‡•á ‡§™‡•ã‡§•‡•Ä ‡§ú‡§®‡§æ‡§µ‡§∞ ‡§∏‡§¨‡•à‡§∏‡§ø‡§§ ‡§Ø‡§æ‡•à‡§®‡§æ‡§®‡§¶‡§ï‡§æ ‡§≤‡§æ‡§ó‡§ø ‡§¨‡§∏‡•ç‡§®‡•á ‡§ó‡§∞‡•á‡§ï‡•ã‡§õ ‡•§
19,Such a great interview..
20,Wow amazing interview.
21,https://youtu.be/uZNGGALg02s
22,Well said swami ji. You have a outstanding voice.
23,"Awesome swami ji,"
24,‡§∂‡§æ‡§≤‡§ø‡§ï ‡§∏‡•Å‡§µ‡•á‡§¶‡•Ä ‡§è‡§ï‡§¶‡§Æ‡•à ‡§ñ‡§æ‡§∞‡§ø‡§è‡§ï‡•ã ‡§™‡§§‡•ç‡§∞‡§ï‡§æ‡§∞ ‡§π‡•Å‡§®‡•Å‡§π‡•Å‡§¶‡•ã‡§∞‡§π‡•á‡§õ‡•§‡§™‡§õ‡§ø‡§≤‡•ç‡§≤‡•ã ‡§∏‡§Æ‡§Ø ‡§â‡§π‡§æ‡§Å‡§≤‡•á ‡§≤‡§ø‡§è‡§ï‡•ã ‡§Ö‡§®‡•ç‡§§‡§∞‡•ç‡§µ‡§æ‡§∞‡•ç‡§§‡§æ ‡§π‡•á‡§∞‡•ç‡§®‡•á ‡§≤‡§æ‡§≤‡§∏‡§æ ‡§≠‡§á‡§∞‡§π‡§®‡•ç‡§õ ‡•§
25,‡§ö‡§ø‡§§‡•ç‡§§‡§¨‡•Å‡§ù‡•ç‡§Ø‡•ã ‡§Æ‡•á‡§∞‡•ã‡•§
26,‡§∂‡•ç‡§µ‡§æ‡§Æ‡§ø ‡§ú‡•ç‡§Ø‡•Å ‡§¨‡•ç‡§∞‡§Æ‡•ç‡§π ‡§∏‡§§‡•ç‡§Ø ‡§ú‡§ó‡§§ ‡§Æ‡§ø‡§•‡•ç‡§Ø‡§æ ‡§≠‡§®‡•ç‡§®‡•Å ‡§≠‡§Ø‡•ã ‡§§‡§∞ ‡§ú‡§ó‡§§‡§ï‡•ã ‡§â‡§™‡§≠‡•ã‡§ó ‡§§ ‡§π‡§æ‡§Æ‡•Ä ‡§ó‡§∞‡§ø‡§∞‡§π‡•á‡§ï‡§æ ‡§π‡•Å‡§®‡•ç‡§õ‡•å ‡§Ø‡•ã ‡§ï‡•á ‡§π‡•ã?‡§Ö‡§®‡§ø ‡§Ø‡§π‡§ø ‡§ú‡§ó‡§§‡§ï‡•ã ‡§∏‡§¨‡•à ‡§ö‡§ø‡§ú ‡§â‡§™‡§Ø‡•ã‡§ó ‡§ó‡§∞‡•á‡§∞ ‡§§‡•ç‡§Ø‡§π‡§ø ‡§∂‡§ï‡•ç‡§§‡§ø‡§≤‡•á ‡§ß‡•ç‡§Ø‡§æ‡§® ‡§Ø‡•ã‡§ó ‡§ó‡§∞‡•á‡§∞ ‡§π‡§æ‡§Æ‡•Ä ‡§¨‡•ç‡§∞‡§Æ‡•ç‡§π ‡§¨‡§®‡•ç‡§õ‡•å ‡§§ ‡§Ö‡§®‡§ø ‡§ï‡§∏‡§∞‡•Ä ‡§ú‡§ó‡§§ ‡§Æ‡§ø‡§•‡•ç‡§Ø‡§æ ‡§≠‡§Ø‡•ã?
27,‡§ò‡§®‡•ç‡§ü‡§æ  !
28,"Freud's psychoanalytic theories about dream explained well...
sub-conscious mind exists."
29,Happy world meditation day in buddha jyanti
30,great view ...
31,Swami ji lai dherai dherai dherai DHNAYBADH amulya bachan ra samaya ko lagi. Ra sanchalak lai pani dherai dherai dhanyabadh nepal lai jagaunu bhako cha.
32,wow! üíì
33,amazing
